{
	"info": {
		"_postman_id": "d010219b-b4d2-463e-a3f7-5fb7382b3c5c",
		"name": "Api Contact Hermes",
		"schema": "https://schema.getpostman.com/json/collection/v2.1.0/collection.json",
		"_exporter_id": "2127533",
		"_collection_link": "https://bold-flare-133921.postman.co/workspace/Team-Workspace~437b306f-6b3c-47d6-8c7f-d5eafcfef7c0/collection/2127533-d010219b-b4d2-463e-a3f7-5fb7382b3c5c?action=share&creator=2127533&source=collection_link"
	},
	"item": [
		{
			"name": "Aut",
			"item": [
				{
					"name": "health",
					"request": {
						"method": "GET",
						"header": [
							{
								"key": "Content-Type",
								"value": "application/json",
								"type": "text"
							},
							{
								"key": "Authorization",
								"value": "Bearer eyJhbGciOiJIUzI1NiIsInR5cCI6IkpXVCJ9.eyJjb2RlVjEiOiI5Yjc3YzA2NC0wOTU2LTExZWUtYmU1Ni0wMjQyYWMxMjAwMDIiLCJjb2RlVjIiOiI4NTkwNjE5OC05ZTc2LTQ5MTctODEwNS00ZDA2NTAyYTk4Y2IiLCJwcm9qZWN0IjoiUE9SSSJ9.c5dII6R4dC5IlhJyhhHkWGPqVzgHzE40ecZWo-XqD70",
								"type": "text"
							}
						],
						"url": {
							"raw": "{{HOST}}/api/v1/auth",
							"host": [
								"{{HOST}}"
							],
							"path": [
								"api",
								"v1",
								"auth"
							]
						}
					},
					"response": []
				},
				{
					"name": "Generate Token CSRF",
					"request": {
						"method": "GET",
						"header": [
							{
								"key": "Authorization",
								"value": "Bearer eyJhbGciOiJIUzI1NiIsInR5cCI6IkpXVCJ9.eyJjb2RlVjEiOiI5Yjc3YzA2NC0wOTU2LTExZWUtYmU1Ni0wMjQyYWMxMjAwMDIiLCJjb2RlVjIiOiI4NTkwNjE5OC05ZTc2LTQ5MTctODEwNS00ZDA2NTAyYTk4Y2IiLCJwcm9qZWN0IjoiUE9SSSJ9.c5dII6R4dC5IlhJyhhHkWGPqVzgHzE40ecZWo-XqD70",
								"type": "text"
							}
						],
						"url": {
							"raw": "{{HOST}}/api/v1/csrf-check",
							"host": [
								"{{HOST}}"
							],
							"path": [
								"api",
								"v1",
								"csrf-check"
							]
						}
					},
					"response": []
				}
			]
		},
		{
			"name": "Form Reception",
			"item": [
				{
					"name": "submit",
					"request": {
						"method": "POST",
						"header": [
							{
								"key": "Authorization",
								"value": "Bearer eyJhbGciOiJIUzI1NiIsInR5cCI6IkpXVCJ9.eyJjb2RlVjEiOiI5Yjc3YzA2NC0wOTU2LTExZWUtYmU1Ni0wMjQyYWMxMjAwMDIiLCJjb2RlVjIiOiI4NTkwNjE5OC05ZTc2LTQ5MTctODEwNS00ZDA2NTAyYTk4Y2IiLCJwcm9qZWN0IjoiUE9SSSJ9.c5dII6R4dC5IlhJyhhHkWGPqVzgHzE40ecZWo-XqD70",
								"type": "text"
							},
							{
								"key": "Csrf-Token",
								"value": "S11kHCvi-4RqOI48J4NIJDtjel5WE1HiRdZE",
								"type": "text"
							}
						],
						"body": {
							"mode": "raw",
							"raw": "{\r\n    \"contactName\": \"leonardo espinosa\",\r\n    \"contactEmail\": \"leonardoespinosainformatica@gmail.com\",\r\n    \"projectSlug\": \"LANDING-TEST\",\r\n        \"fields\":{\r\n            \"reportIdetification\": \"cyberDay\",\r\n            \"fieldsContainer\" :[\r\n                {\r\n                    \"statement\": \"Tienes un partner pensado para esta iniciativa?\",\r\n                    \"response\": \"ddsdsds\"\r\n                },\r\n                {\r\n                    \"statement\": \"Nombre de la iniciativa\",\r\n                    \"response\": \"Super TBK Amigo 2.0\"\r\n                }\r\n            ]\r\n        },\r\n    \"sendDate\": \"2023-08-05\"\r\n}",
							"options": {
								"raw": {
									"language": "json"
								}
							}
						},
						"url": {
							"raw": "{{HOST}}/api/v1/form-general",
							"host": [
								"{{HOST}}"
							],
							"path": [
								"api",
								"v1",
								"form-general"
							]
						}
					},
					"response": []
				},
				{
					"name": "retrieve",
					"request": {
						"method": "POST",
						"header": [
							{
								"key": "Authorization",
								"value": "Bearer eyJhbGciOiJIUzI1NiIsInR5cCI6IkpXVCJ9.eyJjb2RlVjEiOiI5Yjc3YzA2NC0wOTU2LTExZWUtYmU1Ni0wMjQyYWMxMjAwMDIiLCJjb2RlVjIiOiI4NTkwNjE5OC05ZTc2LTQ5MTctODEwNS00ZDA2NTAyYTk4Y2IiLCJwcm9qZWN0IjoiUE9SSSJ9.c5dII6R4dC5IlhJyhhHkWGPqVzgHzE40ecZWo-XqD70",
								"type": "text"
							},
							{
								"key": "CSRF-Token",
								"value": "3Wqnas7k-bLJQsbSEUr2qjQwzU81QR2nkTqE",
								"type": "text"
							}
						],
						"body": {
							"mode": "raw",
							"raw": "",
							"options": {
								"raw": {
									"language": "json"
								}
							}
						},
						"url": {
							"raw": "{{HOST}}/api/v1/form-general/retrieve",
							"host": [
								"{{HOST}}"
							],
							"path": [
								"api",
								"v1",
								"form-general",
								"retrieve"
							]
						}
					},
					"response": []
				},
				{
					"name": "delete form receptions",
					"request": {
						"method": "DELETE",
						"header": [
							{
								"key": "Authorization",
								"value": "Bearer eyJhbGciOiJIUzI1NiIsInR5cCI6IkpXVCJ9.eyJjb2RlVjEiOiI5Yjc3YzA2NC0wOTU2LTExZWUtYmU1Ni0wMjQyYWMxMjAwMDIiLCJjb2RlVjIiOiI4NTkwNjE5OC05ZTc2LTQ5MTctODEwNS00ZDA2NTAyYTk4Y2IiLCJwcm9qZWN0IjoiUE9SSSJ9.c5dII6R4dC5IlhJyhhHkWGPqVzgHzE40ecZWo-XqD70",
								"type": "text"
							},
							{
								"key": "CSRF-Token",
								"value": "0q758SRY-h_xTM97hxUE2egb_roRnlsj5e8Y",
								"type": "text"
							}
						],
						"url": {
							"raw": "{{HOST}}/api/v1/form-general/64af39d2b2443f423c321d39",
							"host": [
								"{{HOST}}"
							],
							"path": [
								"api",
								"v1",
								"form-general",
								"64af39d2b2443f423c321d39"
							]
						}
					},
					"response": []
				},
				{
					"name": "formAll",
					"request": {
						"method": "GET",
						"header": [
							{
								"key": "Authorization",
								"value": "Bearer eyJhbGciOiJIUzI1NiIsInR5cCI6IkpXVCJ9.eyJjb2RlVjEiOiI5Yjc3YzA2NC0wOTU2LTExZWUtYmU1Ni0wMjQyYWMxMjAwMDIiLCJjb2RlVjIiOiI4NTkwNjE5OC05ZTc2LTQ5MTctODEwNS00ZDA2NTAyYTk4Y2IiLCJwcm9qZWN0IjoiUE9SSSJ9.c5dII6R4dC5IlhJyhhHkWGPqVzgHzE40ecZWo-XqD70",
								"type": "text"
							},
							{
								"key": "CSRF-Token",
								"value": "WCdB0EIk-q9fjvnDXMcpIdLnoR6mUkXDdRbg",
								"type": "text"
							}
						],
						"url": {
							"raw": "{{HOST}}/api/v1/form-general/",
							"host": [
								"{{HOST}}"
							],
							"path": [
								"api",
								"v1",
								"form-general",
								""
							],
							"query": [
								{
									"key": "interestedSent",
									"value": "false",
									"disabled": true
								},
								{
									"key": "startDate",
									"value": "2023-08-01",
									"disabled": true
								},
								{
									"key": "endDate",
									"value": "2023-08-30",
									"disabled": true
								},
								{
									"key": "countSendWellcome",
									"value": "0",
									"disabled": true
								},
								{
									"key": "countSendinterested",
									"value": "0",
									"disabled": true
								},
								{
									"key": "projectSlug",
									"value": "LANDING-TEST",
									"disabled": true
								},
								{
									"key": "contactEmail",
									"value": "leonardoespinosainformatica@gmail.com",
									"disabled": true
								}
							]
						}
					},
					"response": []
				}
			]
		},
		{
			"name": "Project",
			"item": [
				{
					"name": "project",
					"request": {
						"method": "POST",
						"header": [
							{
								"key": "Authorization",
								"value": "Bearer eyJhbGciOiJIUzI1NiIsInR5cCI6IkpXVCJ9.eyJjb2RlVjEiOiI5Yjc3YzA2NC0wOTU2LTExZWUtYmU1Ni0wMjQyYWMxMjAwMDIiLCJjb2RlVjIiOiI4NTkwNjE5OC05ZTc2LTQ5MTctODEwNS00ZDA2NTAyYTk4Y2IiLCJwcm9qZWN0IjoiUE9SSSJ9.c5dII6R4dC5IlhJyhhHkWGPqVzgHzE40ecZWo-XqD70",
								"type": "text"
							},
							{
								"key": "CSRF-Token",
								"value": "dFOphGQl-fsxy1XHJGs5Q1Ib3Nlt1l2NIkAw",
								"type": "text"
							}
						],
						"body": {
							"mode": "raw",
							"raw": "{\r\n    \"slug\": \"LANDING-TEST\",\r\n    \"name\": \"LANDING-TEST\",\r\n    \"mailsTo\": [\r\n        {\r\n            \"name\": \"informaticaa33@gmail.com\"\r\n        },\r\n        {\r\n            \"name\": \"ines.zorondo@gmail.com\"\r\n        }\r\n    ],\r\n    \"sender\": \"lespinosa@kdu.cl\",\r\n    \"pocImage\": \"dfdgfgdfgsdfgsgdgdgdsbase64\",\r\n    \"messageTemplate\": \"<html><head><title>Agradecimiento por responder el formulario</title></head><body><h1>¡Gracias por responder nuestro formulario!</h1><p>Estimado/a {{nameFull}}</p><p>En nombre de Transbank, me complace expresar nuestro sincero agradecimiento por haber dedicado su tiempo en completar nuestro formulario.</p><p>Sus comentarios y sugerencias nos brindan información valiosa para entender mejor las necesidades de nuestros clientes y nos permiten seguir ofreciendo un servicio de calidad. Agradecemos su honestidad y el tiempo que ha invertido para proporcionarnos su perspectiva.</p><p>Si hay algún resultado o conclusión del formulario que deseemos compartir con usted o si hay algún seguimiento que planeamos hacer, lo informaremos oportunamente.</p></body></html>\",\r\n    \"documentTemplate\": \"<html><head><title>Formulario</title></head><body><h1>{{reportIdetification}}</h1><ul>{{#fieldsContainer}}<li>{{statement}}: {{response}}</li>{{/fieldsContainer}}</ul><p>¡Gracias por responder nuestras preguntas!</p></body></html>\"\r\n}",
							"options": {
								"raw": {
									"language": "json"
								}
							}
						},
						"url": {
							"raw": "{{HOST}}/api/v1/form-project",
							"host": [
								"{{HOST}}"
							],
							"path": [
								"api",
								"v1",
								"form-project"
							]
						}
					},
					"response": []
				},
				{
					"name": "All project",
					"request": {
						"method": "GET",
						"header": [
							{
								"key": "Authorization",
								"value": "Bearer eyJhbGciOiJIUzI1NiIsInR5cCI6IkpXVCJ9.eyJjb2RlVjEiOiI5Yjc3YzA2NC0wOTU2LTExZWUtYmU1Ni0wMjQyYWMxMjAwMDIiLCJjb2RlVjIiOiI4NTkwNjE5OC05ZTc2LTQ5MTctODEwNS00ZDA2NTAyYTk4Y2IiLCJwcm9qZWN0IjoiUE9SSSJ9.c5dII6R4dC5IlhJyhhHkWGPqVzgHzE40ecZWo-XqD70",
								"type": "text"
							},
							{
								"key": "CSRF-Token",
								"value": "puLQfVRw-3e8pPYDKXZSu9cTsfe7yERyRBek",
								"type": "text"
							}
						],
						"url": {
							"raw": "{{HOST}}/api/v1/form-project?slug=LANDING-DEDALUS",
							"host": [
								"{{HOST}}"
							],
							"path": [
								"api",
								"v1",
								"form-project"
							],
							"query": [
								{
									"key": "slug",
									"value": "LANDING-DEDALUS"
								},
								{
									"key": "sender",
									"value": "lespinosa@kdu.cl",
									"disabled": true
								}
							]
						}
					},
					"response": []
				},
				{
					"name": "update project",
					"request": {
						"method": "PATCH",
						"header": [
							{
								"key": "Authorization",
								"value": "Bearer eyJhbGciOiJIUzI1NiIsInR5cCI6IkpXVCJ9.eyJjb2RlVjEiOiI5Yjc3YzA2NC0wOTU2LTExZWUtYmU1Ni0wMjQyYWMxMjAwMDIiLCJjb2RlVjIiOiI4NTkwNjE5OC05ZTc2LTQ5MTctODEwNS00ZDA2NTAyYTk4Y2IiLCJwcm9qZWN0IjoiUE9SSSJ9.c5dII6R4dC5IlhJyhhHkWGPqVzgHzE40ecZWo-XqD70",
								"type": "text"
							},
							{
								"key": "CSRF-Token",
								"value": "oiq0VOwG-aTb9gYMW075spzhSB2_WZNjB6A0",
								"type": "text"
							}
						],
						"body": {
							"mode": "raw",
							"raw": "{\r\n    \"slug\": \"DEDALUS\"\r\n}",
							"options": {
								"raw": {
									"language": "json"
								}
							}
						},
						"url": {
							"raw": "{{HOST}}/api/v1/form-project/64af20dfea431e3ee3f6b448",
							"host": [
								"{{HOST}}"
							],
							"path": [
								"api",
								"v1",
								"form-project",
								"64af20dfea431e3ee3f6b448"
							]
						}
					},
					"response": []
				},
				{
					"name": "delete project",
					"request": {
						"method": "DELETE",
						"header": [
							{
								"key": "Authorization",
								"value": "Bearer eyJhbGciOiJIUzI1NiIsInR5cCI6IkpXVCJ9.eyJjb2RlVjEiOiI5Yjc3YzA2NC0wOTU2LTExZWUtYmU1Ni0wMjQyYWMxMjAwMDIiLCJjb2RlVjIiOiI4NTkwNjE5OC05ZTc2LTQ5MTctODEwNS00ZDA2NTAyYTk4Y2IiLCJwcm9qZWN0IjoiUE9SSSJ9.c5dII6R4dC5IlhJyhhHkWGPqVzgHzE40ecZWo-XqD70",
								"type": "text"
							},
							{
								"key": "CSRF-Token",
								"value": "s4b6mVBV-9ENW85gwOoxiNd3as1Zqi8yQ7zc",
								"type": "text"
							}
						],
						"url": {
							"raw": "{{HOST}}/api/v1/form-project/64d246e977ceca14fd92d1d3",
							"host": [
								"{{HOST}}"
							],
							"path": [
								"api",
								"v1",
								"form-project",
								"64d246e977ceca14fd92d1d3"
							]
						}
					},
					"response": []
				}
			]
		}
	]
}